Segment,Revenue,Reported_EBITDA,EBITDA_Margin,Actual_Rent,EBITDAR,Total_Beds,Owned_Beds,Leased_Beds,Owned_Pct,Rent_Per_Leased_Bed,Imputed_Rent_Owned,Total_Rent,Normalized_OpCo_EBITDA,PropCo_NOI,Implied_RE_Value_6_5_Cap
ACUTE,8922.327,1208.477,0.13544415038812185,99.1,1307.577,6436,5190,1246,0.8064014916096954,0.07953451043338683,412.78410914927764,511.8841091492776,795.6928908507224,511.8841091492776,7875.140140758117
BEHAVIORAL,6895.051,1567.165,0.22728838408881966,47.0,1614.165,24121,22465,1656,0.9313461299282783,0.028381642512077296,637.5935990338164,684.5935990338164,929.5714009661835,684.5935990338164,10532.209215904868
