Year,Segment,Revenue_M,EBITDA_M,EBITDA_Margin_Pct,Facilities,Beds
2022,Acute Care,,,,,
2023,Acute Care,8081.402,913.276,11.300959907699184,,
2024,Acute Care,8922.327,1208.477,13.544415038812186,28.0,6436.0
2022,Behavioral Health,,,,,
2023,Behavioral Health,6190.921,1273.264,20.5666329775489,,
2024,Behavioral Health,6895.051,1567.165,22.728838408881966,324.0,24367.0
